sr_no, date_time, urls,title (tiktok), category, likes
1, 05/01/2025,https://www.tiktok.com/@new4andy/video/7409321653471169824,no, Google Gadgets, 4M
2, 05/01/2025,https://www.tiktok.com/@tech.pulseee/video/7424487500686626081,Google pixel 9 pro Unboxing ?? , Google Gadgets,84
3, 05/01/2025,https://www.tiktok.com/@hann.marie444/video/7419709162763898154,Ive been an iPhone girly since i came into this world but theres nothing wrong with having a second phone ?? , Google Gadgets,3.4M
4, 05/01/2025,https://www.tiktok.com/@anothertech7/video/7413536735755259167,Pixel 9 Pro XL Ultrasonic Fingerprint Failed Rain Test , Google Gadgets,96.3K
5, 05/01/2025,https://www.tiktok.com/@viproxzs/video/7430923606500150534,Google Pixel 9 Pro XL vs S24 Ultra , Google Gadgets,227.7K
6, 05/01/2025,https://www.tiktok.com/@thaohuynhy/video/7402758990523944198,Google Pixel 9 Pro Fold! , Google Gadgets,39.2K
7, 05/01/2025,https://www.tiktok.com/@westtelecom/video/7282000061070953734,Google Home Max ?????? , Google Gadgets,13
8, 05/01/2025,https://www.tiktok.com/@anaaapaz/video/7419043338789145888,Gifted | Se acabaron las fotos mal hechas por alguien random de viaje ?? , Google Gadgets,80.4K
9, 05/01/2025,https://www.tiktok.com/@phandroids/video/7291306940813020462,Time to unbox the , Google Gadgets,999
10, 05/01/2025,https://www.tiktok.com/@tomsguide/video/7418218001847225646,Unboxing the Google Pixel Watch 3! ?? , Google Gadgets,88
11, 05/01/2025,https://www.tiktok.com/@mattlinkert_/video/7088379047763283206,Turn your mini into stereo speakers! , Google Gadgets,7259
12, 05/01/2025,https://www.tiktok.com/@jetcar.ru/video/7273144933786062112,Pinky Mercedes G-Class ASMR??,Car ASMR,278.3K
13, 05/01/2025,https://www.tiktok.com/@azemcars/video/7374775698306780433,no,Car ASMR,6.3M
14, 05/01/2025,https://www.tiktok.com/@_mecanic0/video/7318299892969950497,Car Washing,Car ASMR,5.5M
15, 05/01/2025,https://www.tiktok.com/@boostbible.co/video/7353355171084111121,Pure ASMR of @lto_e30ï¿½s wild LS1 BMW E30! ,Car ASMR,2.8M
16, 05/01/2025,https://www.tiktok.com/@visualcarreviews/video/7390348507552451872,2024 Volkswagen Touareg R ASMR! ?? ,Car ASMR,54.6K

17, 07/01/2025,https://www.tiktok.com/@youtube.wolfyz/video/7319832934192598274,bro down bad ðŸ¤£ #fortnite,Fortnite,477.7K
18, 07/01/2025,https://www.tiktok.com/@21axcz21/video/7454367399026887969,BEST Fortnite clip, Fortnite, 132.8K
19, 07/01/2025,https://www.tiktok.com/@zakceys1/video/7456976596621135109,POV simple edit, Fortnite, 89
20, 07/01/2025,https://www.tiktok.com/@husamm97/video/7258682790173035781,(Laugh)(Laugh), Fortnite, 1M

21, 07/01/2025,https://www.tiktok.com/@kermitcideonyt/video/7171661452095393029,Hospital Flick (Valorant), Valorant, 298K
22, 07/01/2025,https://www.tiktok.com/@paradisevl/video/7455314425944313106,Embrace It, Valorant, 6377
23, 07/01/2025,https://www.tiktok.com/@steamoyunevreni/video/7327927768669261061,Iron Geko ðŸ¤®, Valorant, 30.8K
24, 07/01/2025,https://www.tiktok.com/@kronzada/video/7287573797593566469,Cypher Radiant ðŸ˜ˆ, Valorant, 277K
25, 07/01/2025,https://www.tiktok.com/@_skeeewe/video/7358542243646524689,Fatherless Core, Valorant, 152.5K
26, 07/01/2025,https://www.tiktok.com/@yexovlr/video/7454199150486359318,Rock ðŸ¤˜, Valorant, 51.5K

27, 16/01/2025, https://www.tiktok.com/@ljubaartes/video/7416263692133649696, Leicht ist was anderes ðŸ˜„#foryou #moto #motolife #fyp #tiktok #life #harleydavidson, Harley Davidson, 38K
28, 16/01/2025, https://www.tiktok.com/@ibrahim.suden/video/7261951966098607365, #sportster883 #harleydavidson #harleydavidsonlifestyle #keÅŸfet #bikelife #bike, Harley Davidson, 25.3K
29, 17/01/2025, https://www.tiktok.com/@siozonstudios/video/7254229748782583066, #harleydavidson #cholostyle #softaildeluxe #windtheraphy #freedommachine #cholostyle #harleycustom #vicla #customized #motorcycle #kustomkulture, Harley Davidson, 1.5M
30, 17/01/2025, https://www.tiktok.com/@blackster883/video/7008472880660925701, Custom Sporty #harley #harleydavidson #sportster, Harley Davidson, 189.5K
